"hhnr","Period_1","Period_2","Period_3","Period_4","Period_5","Period_6","Period_7","Period_8"
"34982",0,0,1,0,0,0,0,0
"30588",0,0,0,0,0,0,0,0
"30908",1,1,1,1,1,1,0,1
"32174",1,0,0,1,1,0,0,0
"16248",0,1,0,0,1,0,0,0
"23997",0,0,0,0,0,0,0,0
"22075",0,0,0,0,0,0,0,0
"21564",1,0,0,1,0,0,1,0
"30880",1,1,0,0,0,0,0,0
"35738",0,0,1,0,0,0,0,0
"29664",0,0,0,0,0,0,0,0
"19406",0,0,0,0,0,0,0,0
"25626",0,0,0,0,0,0,0,0
"28585",1,1,1,1,1,0,0,0
"35906",0,0,0,1,0,1,0,0
"31670",1,1,0,1,0,0,1,0
"23073",1,0,1,0,0,0,1,0
"32397",0,0,0,0,0,0,0,0
"31949",0,0,0,0,0,0,0,1
"28259",0,0,1,0,0,0,0,0
"34106",0,0,1,1,0,0,1,0
"27343",0,1,0,1,1,1,1,1
"12407",0,0,1,1,1,1,1,0
"28757",0,0,0,0,0,0,0,0
"39541",0,0,0,0,0,0,0,0
"26411",0,0,0,0,0,0,0,0
"12614",0,0,0,0,0,0,0,0
"31498",0,0,0,0,0,0,0,0
"18639",0,0,0,0,0,0,0,0
"32239",0,0,0,0,0,0,0,0
"33530",0,0,0,0,0,0,0,0
"22336",0,0,0,0,0,0,0,0
"28435",0,0,0,0,0,0,0,0
"22166",0,0,1,0,0,0,0,0
"16332",0,0,0,0,0,0,0,0
"34995",0,0,0,1,1,0,0,1
"29841",0,0,0,0,0,0,0,0
"33260",0,0,0,0,0,0,0,0
"29836",0,0,0,0,0,0,0,0
"23392",0,0,0,0,0,0,0,0
"31532",0,0,1,1,0,1,0,0
"16706",0,0,0,1,0,1,0,0
"30872",0,0,0,0,1,0,0,0
"31862",0,0,0,0,0,0,0,0
"32208",0,0,0,0,0,0,0,0
"22823",0,0,0,0,0,0,0,0
"13556",0,0,0,0,0,0,0,1
"23434",1,0,1,1,0,0,0,0
"30494",0,1,1,0,0,0,0,0
"10145",0,0,0,0,0,0,0,0
"31307",0,0,1,0,0,0,0,0
"31398",0,0,0,0,0,0,0,0
"30030",0,0,0,0,0,1,1,0
"31691",0,0,0,0,1,1,1,1
"37838",0,0,0,0,0,0,0,0
"41921",0,0,0,0,0,0,0,0
"14273",0,0,0,0,0,1,0,0
"11890",0,0,0,0,0,0,0,0
"18210",0,0,1,1,1,1,1,1
"21475",0,0,0,1,0,0,0,0
"29910",0,0,0,0,0,0,0,0
"14732",0,0,0,0,0,0,0,0
"22846",0,0,0,0,0,0,0,0
"32461",0,0,0,1,0,0,0,0
"25202",1,1,1,1,1,0,0,0
"22837",0,1,0,0,0,0,0,0
"21016",0,0,0,1,0,0,0,0
"14057",0,0,0,0,0,0,0,0
"31988",0,0,0,0,0,0,0,0
"35669",0,0,1,0,0,0,0,0
"23291",0,0,0,0,0,0,0,0
"29934",0,1,0,1,0,0,0,0
"32773",1,1,1,1,1,0,0,0
"15819",0,0,0,0,0,0,0,0
"29969",1,0,0,1,0,0,0,0
"30589",1,0,0,0,0,0,0,0
"19600",0,0,0,0,0,1,0,0
"20628",0,0,0,0,0,0,0,0
"30689",0,0,0,0,0,0,0,0
"25974",1,1,1,1,1,0,0,0
"12164",0,0,0,0,0,0,0,0
"27367",0,0,0,0,0,0,0,0
"23283",0,0,0,0,0,0,0,0
"32590",0,0,0,0,0,0,0,0
"15865",0,0,0,0,0,0,0,0
"13837",0,0,0,0,0,0,0,0
"25939",0,0,0,0,0,0,0,0
"30583",0,1,0,0,0,0,0,0
"15202",0,1,0,0,1,0,0,0
"21994",0,0,0,0,0,0,0,0
"31140",0,0,0,0,0,0,0,0
"25982",0,0,0,0,1,1,1,0
"29070",0,0,0,0,0,0,0,0
"18686",0,0,0,0,0,0,0,0
"30498",0,0,0,0,0,0,1,0
"20718",1,1,0,0,0,0,0,0
"32117",0,0,0,0,0,0,0,0
"14710",0,0,0,0,0,0,0,0
"43003",1,0,0,0,1,0,0,0
"36610",0,0,0,0,0,0,0,0
"32727",0,1,0,0,0,0,0,0
"32601",0,0,0,0,0,0,0,0
"26181",1,1,0,0,0,0,0,0
"30185",0,0,0,0,0,0,0,0
"28367",0,0,0,0,0,0,0,0
"30569",0,0,0,0,0,0,0,0
"30769",0,0,0,0,0,0,0,0
"28248",0,0,0,0,1,0,0,0
"29224",0,1,1,0,0,0,0,0
"40938",0,0,0,1,0,0,0,0
"26805",0,0,0,0,0,0,0,0
"31782",0,0,0,1,0,0,0,0
"22836",1,0,1,0,0,0,0,0
"34055",0,0,0,0,0,0,0,0
"25640",1,1,1,1,1,1,0,0
"33164",0,0,0,0,0,0,0,0
"23784",0,0,0,0,0,0,0,0
"22384",0,0,1,1,0,1,0,0
"29786",0,0,0,1,0,0,0,0
"38107",0,0,0,0,0,0,0,0
"11657",0,0,0,0,0,0,0,0
"31162",0,1,0,0,0,1,0,0
"34053",0,1,1,0,0,0,0,0
"19441",0,1,0,0,0,0,0,0
"42219",1,0,1,1,1,0,1,0
"36775",0,0,0,0,0,1,0,0
"37592",0,0,0,1,1,1,0,0
"26983",0,0,0,0,0,0,0,0
"31705",0,0,0,0,0,0,0,0
"32198",0,0,0,0,0,0,0,0
"12131",0,0,0,1,0,1,0,0
"28983",0,0,0,0,0,0,0,0
"30365",1,1,0,0,0,0,0,0
"24381",0,0,0,0,0,0,0,0
"26014",0,0,0,0,0,0,0,0
"33579",1,1,0,1,0,0,0,0
"42215",0,0,0,0,0,0,0,0
"28306",0,0,0,0,0,0,0,0
"28704",0,0,1,0,0,1,0,1
"35002",1,0,0,0,0,0,0,0
"13397",0,0,0,0,0,0,0,0
"35905",0,0,0,0,0,0,0,0
"30031",0,0,0,0,0,0,0,0
"20571",0,0,0,0,0,0,0,0
"33994",0,0,0,1,0,0,0,0
"32830",0,0,0,1,1,0,0,0
"12406",0,0,0,1,0,0,0,0
"23397",0,0,0,1,0,0,0,1
"36309",0,0,0,0,0,0,0,0
"31104",1,0,1,0,1,0,0,0
"22894",0,0,0,0,0,0,0,0
"30348",0,1,0,0,1,0,0,0
"26943",0,1,1,1,1,0,1,1
"22037",1,1,1,1,1,0,0,0
"33969",0,0,0,0,0,0,0,0
"17975",0,1,0,0,0,0,0,0
"29067",0,0,0,1,1,0,0,0
"11432",0,0,0,0,0,0,0,0
"27923",1,0,0,0,0,0,0,0
"21540",0,0,0,0,0,0,1,0
"22214",0,0,0,0,0,0,0,0
"32976",0,0,1,0,0,1,0,0
"29967",1,1,0,0,0,0,0,0
"19609",0,0,0,0,0,0,0,0
"29187",1,0,0,0,1,1,1,1
"32336",0,1,0,0,0,0,0,0
"16820",0,0,0,0,0,0,0,0
"14171",0,0,0,0,0,0,0,0
"25360",1,0,0,1,1,1,1,0
"41327",1,0,0,0,1,0,0,0
"30949",0,0,0,0,0,0,0,0
"32242",0,1,0,0,0,0,1,0
"23191",1,0,0,0,0,0,0,0
"26050",0,0,0,0,0,0,0,0
"28992",0,0,0,1,1,1,1,1
"33066",0,1,0,0,0,0,0,0
"26599",0,0,0,0,0,0,0,0
"14992",0,0,0,0,0,0,0,1
"18992",0,1,0,0,0,0,0,0
"35778",0,0,0,0,0,0,0,0
"31474",0,0,0,0,1,1,1,0
"30939",0,1,0,1,1,1,0,0
"24272",1,1,1,0,1,0,0,0
"13247",1,1,0,1,1,0,0,0
"23601",0,1,0,0,0,0,0,0
"22712",0,0,0,0,0,0,0,0
"31905",0,0,1,1,0,0,0,0
"24359",0,0,0,0,0,0,0,0
"30444",0,0,1,1,1,0,0,0
"33319",0,0,0,0,0,0,0,0
"33525",1,0,0,0,0,0,0,0
"25372",0,1,0,0,0,0,0,0
"22618",1,0,0,0,0,0,0,0
"33011",1,0,0,0,0,0,0,0
"31531",0,0,0,0,0,0,1,0
"31835",0,0,0,0,0,0,0,0
"31415",0,0,0,0,0,0,0,0
"20494",0,0,0,0,0,0,0,0
"32551",0,0,0,0,0,0,0,0
"31936",0,0,1,0,0,1,0,0
"28265",0,0,1,0,0,0,0,0
"42908",1,0,0,0,0,0,0,0
"31544",0,0,0,0,0,0,0,0
"15043",0,0,1,0,1,1,0,0
"15871",0,1,0,0,0,0,0,0
"42920",0,0,0,0,0,0,0,0
"30716",0,0,0,0,0,0,0,0
"16141",0,0,0,0,0,0,0,0
"24947",1,0,0,1,1,0,0,0
"40185",0,0,1,0,0,0,0,0
"23140",0,0,1,0,0,0,0,0
"32251",0,0,0,0,0,1,0,0
"24261",0,0,1,0,0,0,0,0
"42914",0,0,0,0,0,0,0,0
"25814",1,1,1,1,1,1,1,1
"28038",0,0,1,1,0,0,1,0
"16031",0,0,1,0,0,0,0,0
"39907",0,0,0,0,0,0,0,0
"30247",0,0,0,0,0,0,0,0
"35771",0,1,0,0,0,0,0,0
"36982",0,0,0,0,0,1,0,0
"31633",0,0,1,1,1,0,0,0
"11384",0,0,0,0,0,0,0,0
"25999",1,0,0,0,0,0,0,0
"14095",0,0,0,0,0,0,0,0
"33313",1,0,0,0,0,0,0,0
"11422",0,0,0,0,0,0,0,0
"14886",0,0,0,0,0,0,0,0
"30141",0,0,0,0,0,0,0,0
"29160",0,0,0,1,0,1,1,0
"25215",1,0,0,0,0,0,0,0
"32992",0,0,0,0,0,0,0,0
"32134",0,0,0,0,0,0,0,0
"12764",0,0,0,0,0,0,0,0
"15929",1,1,0,0,0,0,0,0
"29064",0,0,0,0,0,0,0,0
"26718",0,0,0,1,0,0,0,0
"26047",0,0,0,0,0,0,0,0
"27398",0,0,0,0,0,0,0,0
"42919",0,0,0,0,0,0,0,0
"25906",0,0,0,0,0,0,0,0
"18456",0,1,1,0,0,0,0,0
"15049",0,0,0,0,0,0,0,0
"22953",0,1,0,0,0,0,0,0
"12047",0,0,0,0,0,0,0,0
"26015",0,0,0,0,0,0,0,0
"13660",0,0,0,0,0,0,0,0
"17408",0,0,0,0,0,0,0,0
"26093",0,1,0,0,0,0,0,0
"33358",0,0,1,0,0,0,1,0
"18472",0,1,1,1,0,0,0,0
"12553",0,0,0,1,0,0,0,0
"31240",0,0,0,0,0,0,0,0
"22435",0,0,0,0,0,0,0,0
"30997",0,1,1,0,0,0,0,0
"17442",0,1,0,0,0,0,0,0
"42009",1,0,0,1,0,0,0,0
"29036",0,0,0,0,0,0,0,0
"35899",0,1,0,0,0,0,0,0
"19367",0,0,0,0,0,0,0,0
"32879",1,0,0,0,0,0,0,0
"30070",0,0,0,0,0,0,0,0
"32995",0,0,0,0,0,0,0,0
"31278",0,0,0,1,0,0,0,0
"19436",1,1,0,0,0,0,0,0
"11415",0,0,0,0,0,0,0,1
"39858",0,0,0,1,0,0,0,0
"33659",0,0,0,0,0,0,0,0
"28815",0,0,0,0,0,0,0,0
"24732",0,0,0,0,0,0,0,0
"27709",1,0,0,0,1,0,0,0
"40015",0,0,0,0,0,0,0,0
"40535",0,0,0,0,0,0,0,0
"37477",0,0,0,0,0,0,0,0
"15928",0,0,0,0,0,0,0,0
"35663",0,0,0,0,0,0,0,0
"29617",1,0,1,0,1,1,0,0
"27067",0,0,0,0,0,0,0,0
"27484",0,0,0,0,0,0,0,0
"30925",0,0,0,0,0,0,0,0
"26627",0,0,0,0,0,0,0,0
"30170",1,0,0,0,0,0,0,0
"22793",1,0,0,0,0,0,0,0
"20142",0,0,0,0,0,0,0,0
"33320",1,0,0,0,0,0,0,0
"22832",0,0,0,0,0,0,0,0
"30812",0,0,0,0,0,0,0,0
"31879",0,1,1,1,1,0,1,0
"31294",0,0,0,0,0,0,0,0
"36653",0,0,1,0,0,0,0,0
"30280",0,1,1,1,1,0,0,0
"24790",0,1,0,0,0,0,0,0
"36911",1,0,1,1,0,0,0,0
"36294",0,0,0,0,0,0,0,0
"35602",0,0,0,0,0,0,0,0
"41994",0,0,0,0,0,0,0,0
"16840",1,1,0,0,0,0,0,0
"31136",1,1,0,1,0,0,1,0
"31845",0,0,0,0,0,0,0,0
"36689",0,0,0,0,0,0,0,0
"10482",0,0,0,0,0,0,0,0
"38347",1,0,0,1,1,0,0,0
"27337",0,0,1,0,0,0,0,0
"32183",0,0,0,0,0,0,0,0
"15665",0,0,0,0,0,0,0,0
"22933",1,0,0,0,0,0,0,0
"28239",0,0,0,0,0,0,0,0
"29821",0,0,0,0,0,0,0,0
"12338",0,0,0,1,0,0,0,0
"32345",0,0,0,0,0,0,0,0
"17325",0,0,0,0,0,0,0,0
"30570",0,0,0,0,0,0,0,0
"30988",0,0,1,0,0,0,0,0
"23779",0,0,0,0,0,0,0,0
"30717",0,0,0,0,0,0,0,0
"31248",1,0,0,0,0,0,0,0
"29158",0,0,1,0,0,0,0,0
"27966",0,0,0,0,0,0,0,0
"32181",0,0,0,0,0,0,0,0
"36777",0,1,0,0,0,0,0,0
"31852",0,0,0,0,0,0,0,0
"14007",0,0,0,0,0,0,0,0
"32835",0,0,0,0,0,0,0,0
"33452",0,1,1,1,0,1,0,0
"36713",0,0,0,1,1,1,1,0
"31014",1,0,0,0,0,0,0,0
"27546",0,0,0,0,0,0,0,1
"32406",0,0,0,0,0,0,0,0
"36901",0,0,1,0,0,0,0,0
"11444",0,0,0,0,0,0,0,0
"31438",1,1,0,1,1,0,0,1
"17504",0,0,0,0,0,0,0,0
"40919",0,1,1,0,0,0,0,0
"30386",0,0,0,0,0,0,0,0
"30272",1,0,1,1,0,0,1,0
"21360",0,0,0,0,1,0,0,0
"32965",0,0,0,0,0,0,0,0
"15948",0,1,0,0,1,0,0,0
"26185",0,0,0,0,0,0,0,0
"30971",0,0,0,0,0,0,0,0
"31987",0,0,0,0,0,0,0,0
"31916",0,0,1,0,0,0,0,0
"31823",0,0,0,0,0,0,0,0
"24750",0,0,1,0,1,0,0,1
"33596",0,0,0,0,0,0,0,0
"32452",0,0,1,0,0,1,0,0
"23334",0,0,0,1,1,1,0,0
"37767",0,0,0,1,0,0,0,0
"23393",0,0,1,0,0,0,0,0
"15366",0,0,0,0,0,0,0,0
"31207",1,0,0,0,0,0,0,0
"31553",1,0,1,1,1,0,0,0
"20805",0,0,0,0,0,0,0,0
"30947",0,0,0,1,0,0,0,0
"32758",0,0,0,0,0,0,0,0
"35021",0,0,0,0,0,0,0,0
"31603",0,0,0,0,0,0,0,0
"22984",0,0,0,0,0,0,0,0
"24248",0,0,1,1,0,0,0,0
"19617",1,0,0,1,1,1,1,1
"21048",0,0,0,0,0,0,0,0
"32775",0,0,0,0,1,1,0,0
"32308",0,0,0,0,0,0,0,0
"22681",0,0,1,0,0,0,0,0
"40868",0,0,0,0,0,0,0,0
"27838",0,0,0,0,0,0,0,0
"13632",0,0,0,0,0,0,0,0
"19979",0,0,0,0,0,0,0,0
"24101",0,0,0,0,0,0,0,0
"13353",0,0,0,0,0,0,0,0
"32294",1,0,1,1,0,0,0,0
"32255",0,0,0,0,0,0,0,0
"13106",0,0,0,0,0,0,0,0
"28334",0,0,1,0,0,0,0,0
"34924",0,0,0,0,1,1,1,0
"31309",1,1,1,1,1,1,1,0
"36574",0,0,0,0,0,0,0,0
"39232",1,0,0,0,0,0,0,1
"22452",0,0,0,0,0,0,0,0
"29812",0,0,0,0,0,0,0,1
"10399",0,0,0,0,0,0,0,0
"31148",0,0,1,0,0,0,0,0
"38425",0,0,0,0,0,0,0,0
"32472",0,0,0,0,0,0,0,0
"31056",0,0,0,0,0,0,0,0
"30151",0,0,1,0,0,0,1,0
"32095",0,0,1,0,0,0,0,0
"33238",0,1,1,0,0,0,0,0
"33224",0,0,0,0,0,0,0,0
"23827",1,0,0,0,0,0,0,0
"17719",0,0,0,0,0,0,0,0
"22616",1,0,0,0,0,0,0,0
"31864",0,0,0,0,0,0,0,0
"40488",0,0,0,1,0,1,0,0
"14461",0,0,0,0,0,0,0,0
"22799",0,0,0,0,0,0,0,0
"31224",0,0,1,0,0,0,0,0
"15393",0,0,0,0,0,0,0,0
"30327",0,0,0,0,0,0,0,0
"19353",0,0,0,0,0,0,0,0
"30582",0,1,0,0,0,0,0,0
"16161",0,0,0,1,0,0,0,0
"38359",0,0,0,0,0,0,0,0
"14472",0,0,0,0,0,0,0,0
"11526",0,0,0,0,0,0,0,0
"28255",0,0,0,0,0,0,0,0
"30637",0,1,1,1,1,1,1,0
"43166",0,0,0,0,0,0,0,0
"16952",1,0,0,0,0,0,0,0
"13229",0,0,0,0,1,0,0,0
"23166",0,1,1,1,1,0,0,1
"22439",1,1,1,1,1,0,0,1
"34092",1,1,0,1,1,1,0,0
"33862",1,0,0,0,0,1,0,1
"30132",0,0,0,1,0,1,0,0
"17242",0,0,0,0,0,0,0,0
"32574",1,0,0,0,0,0,0,1
"38825",0,0,0,1,0,0,0,0
"13634",1,1,1,1,1,1,1,0
"23412",0,0,0,0,0,0,0,0
"34043",0,0,0,0,0,0,0,0
"39295",0,0,0,0,0,0,0,0
"30061",0,0,0,0,0,0,0,0
"32845",0,1,1,1,0,1,0,0
"31566",1,0,0,1,0,0,0,0
"19310",0,1,0,0,0,0,0,0
"28287",1,1,0,0,0,0,0,1
"12078",0,0,0,0,0,0,0,0
"33981",0,0,0,0,0,0,0,0
"36611",1,1,0,0,0,0,0,0
"18562",0,0,1,1,0,0,0,0
"23094",0,0,0,0,0,0,0,0
"27822",1,0,0,0,0,0,0,0
"30506",0,0,0,0,0,0,0,0
"35054",0,0,1,1,1,1,1,0
"13665",0,0,0,0,0,0,0,0
"31512",0,0,0,0,0,0,0,0
"34908",0,0,0,0,0,0,0,0
"31692",0,0,0,0,0,0,0,0
"33930",0,0,0,0,1,0,1,1
"18096",0,0,0,0,0,0,0,0
"26950",0,0,0,0,0,0,0,0
"34890",1,0,0,0,0,0,0,0
"26847",0,0,0,0,0,0,0,0
"12884",0,0,0,0,0,0,0,0
"31234",0,0,0,1,0,0,0,0
"12740",1,1,1,1,1,1,1,0
"31948",0,0,0,0,0,0,0,0
"13057",1,0,1,1,0,1,1,0
"20303",0,0,0,0,0,0,0,0
"16224",0,0,0,0,0,0,0,0
"33106",1,0,0,0,0,0,0,0
"42918",0,0,0,0,0,0,0,0
"25909",1,0,0,0,0,0,0,0
"29750",0,0,0,0,0,0,0,0
"24024",0,0,0,0,0,0,0,0
"19578",0,0,0,0,0,0,0,0
"26517",1,0,1,0,0,0,0,0
"31389",0,1,0,0,0,0,0,0
"32421",0,0,0,0,0,0,0,0
"24258",0,0,0,0,0,0,0,0
"42288",1,0,1,0,0,0,0,0
"39612",0,0,0,0,0,0,0,0
"34045",0,0,0,0,0,0,0,0
"31209",0,0,0,0,0,0,0,0
"28652",0,0,0,0,0,0,0,0
"19243",0,0,0,0,0,0,0,0
"37641",1,0,0,1,1,0,0,0
"42095",0,0,0,0,0,0,0,0
"31232",0,0,0,0,0,0,0,0
"27165",0,0,0,0,0,0,0,0
"27890",0,1,0,0,0,0,0,0
"28353",1,0,1,0,0,0,0,0
"24417",0,0,0,0,0,1,1,0
"38361",0,0,0,0,0,0,0,0
"33846",0,0,0,0,0,0,0,0
"17342",1,0,0,0,1,0,0,0
"25166",0,0,0,0,0,0,0,0
"29089",0,0,0,0,0,0,0,0
"15693",0,0,1,0,0,0,0,0
"33575",0,0,0,0,0,0,0,0
"22729",0,0,0,0,0,1,0,0
"17718",0,0,0,0,0,0,0,0
"17340",0,0,0,0,0,0,0,0
"13906",0,0,0,0,0,0,0,0
"34947",1,1,0,0,1,0,0,0
"17781",0,1,1,1,1,0,0,0
"16154",0,0,0,0,0,0,0,0
"14862",0,0,0,0,0,0,0,0
"16396",1,1,0,1,1,0,0,0
"34024",1,1,1,0,0,0,0,0
"13392",0,1,0,0,0,0,0,0
"29935",0,0,0,0,0,0,0,0
"33560",0,0,0,0,0,0,0,0
"31315",0,1,0,0,0,0,0,0
"22570",0,0,0,0,0,0,0,0
"41280",0,0,0,0,0,0,0,0
"31816",1,1,1,1,1,1,0,1
"27835",0,0,0,0,0,0,0,0
"29994",1,1,0,1,1,0,0,0
"19480",0,0,0,0,0,0,0,0
"39301",0,0,0,0,0,0,0,0
"22947",0,0,0,1,0,0,0,0
"29567",1,0,1,0,0,1,1,0
"19985",0,0,0,0,0,0,0,0
"16623",0,0,0,1,0,0,0,0
"24754",0,1,0,0,1,0,0,0
"32300",1,1,1,1,1,1,1,1
"43154",0,0,0,0,0,0,0,0
"17268",0,0,0,0,0,0,0,0
"23304",0,0,0,0,0,0,1,0
"28991",0,0,0,1,0,1,0,0
"30029",0,0,0,0,0,0,0,0
"28741",0,1,0,0,0,0,0,0
"38058",1,1,1,0,0,0,0,0
"38346",0,0,0,0,0,0,0,0
"32525",0,0,0,0,0,0,0,0
"33854",0,0,0,0,0,0,0,0
"20345",1,1,1,1,1,0,0,0
"16077",0,0,0,0,0,0,0,0
"20209",0,1,0,0,0,0,0,0
"31681",1,1,1,1,1,1,1,0
"30277",0,0,1,0,1,0,0,0
"31578",0,0,0,0,0,0,0,0
"22900",0,1,0,0,0,0,0,0
"10952",0,0,0,0,0,0,1,0
"15581",0,0,1,0,0,0,0,0
"32906",0,0,0,0,0,0,0,0
"13053",0,0,0,0,0,0,0,0
"30916",0,0,0,0,0,0,0,0
"18196",0,0,0,0,1,0,1,0
"31910",0,1,0,0,0,0,0,0
"22912",0,0,0,0,0,0,0,0
"11807",0,0,0,0,0,0,0,0
"16803",0,0,0,0,0,0,0,1
"19296",1,1,0,1,0,0,0,0
"15907",1,1,1,1,1,1,1,1
"22970",0,0,0,0,0,0,0,0
"32216",0,0,0,0,0,0,0,0
"33267",1,0,0,0,0,0,0,0
"17067",0,1,0,0,0,0,0,0
"17082",0,0,0,0,0,0,0,0
"32673",0,0,1,0,0,0,0,0
"30076",1,0,0,1,1,0,0,0
"29827",0,1,0,0,0,0,0,0
"32103",0,0,0,0,0,0,0,0
"30533",0,0,0,0,0,0,0,0
"35694",0,0,0,0,0,0,0,0
"29683",0,0,0,0,0,0,0,0
"29540",0,0,0,0,0,0,0,0
"31517",0,0,0,0,0,0,1,0
"29043",0,0,1,0,0,0,0,0
"30834",1,1,1,1,0,0,0,0
"24685",1,1,1,0,1,0,1,1
"15986",0,0,0,0,0,0,0,0
"29996",0,0,0,0,0,0,0,0
"15964",0,0,0,0,0,0,0,0
"30815",0,0,1,0,0,0,0,0
"18009",0,0,0,0,0,0,0,0
"12138",0,0,0,0,1,1,0,0
"32029",0,0,0,0,0,0,0,0
"37563",1,0,0,0,0,0,0,0
"29105",0,0,0,0,0,0,0,0
"27634",0,0,0,0,0,0,0,0
"30524",0,0,1,0,0,0,0,0
"30805",0,0,0,0,0,0,0,0
"30026",1,1,0,0,0,0,0,0
"30077",0,0,0,0,0,1,1,1
"29460",0,1,1,0,1,0,0,1
"29097",0,0,0,0,0,0,0,0
"32599",0,0,1,1,1,1,0,1
"28297",0,0,0,0,0,0,0,0
"29056",0,0,0,0,0,0,0,0
"31867",0,0,0,0,0,0,0,0
"31351",0,0,0,0,0,0,1,0
"13251",0,0,0,0,0,0,0,0
"33605",0,0,0,0,0,0,0,0
"15237",0,0,0,0,0,0,0,0
"14764",0,0,0,0,1,0,0,0
"34928",0,0,0,0,0,0,0,0
"37464",0,1,0,0,1,0,0,0
"42183",1,0,0,1,0,0,0,0
"31685",0,0,0,0,0,0,0,0
"30546",0,0,0,1,0,0,1,0
"31667",0,0,0,0,0,0,0,0
"37215",0,0,0,0,0,0,0,1
"22694",0,0,0,0,0,0,0,0
"18678",0,0,0,0,0,0,0,0
"21157",1,1,1,1,0,0,0,0
"30639",1,0,0,0,0,0,0,0
"30878",0,0,0,0,0,0,0,0
"32007",0,0,0,0,0,0,0,0
"32541",0,0,1,1,0,1,0,0
"31940",0,0,0,0,0,0,0,0
"11988",1,1,1,1,0,0,1,0
"29242",1,0,1,1,1,0,1,0
"36330",1,0,0,0,0,0,0,0
"11715",0,0,0,0,0,0,0,0
"10298",0,0,0,0,0,0,0,0
"38139",0,0,0,0,0,0,0,0
"25854",0,0,0,0,0,0,0,0
"31450",1,1,0,0,0,1,0,0
"10204",0,0,0,0,0,0,0,0
"29606",0,0,1,0,0,1,0,0
"27574",0,0,0,0,0,0,0,0
"32499",0,0,0,0,0,0,0,0
"32365",0,0,0,0,0,0,0,0
"29596",1,1,1,0,1,1,1,1
"27800",0,0,0,0,0,0,0,0
"33821",0,0,0,0,0,0,0,0
"38060",0,0,0,1,0,0,0,0
"32509",0,0,0,0,0,0,0,0
"43589",0,0,0,0,0,0,0,0
"27498",1,0,1,0,0,0,0,0
"19020",0,0,0,0,0,0,0,0
"29595",1,1,0,0,0,0,0,0
"21509",0,0,0,0,0,0,0,0
"21519",0,0,0,0,0,0,0,0
"25878",0,0,0,0,0,0,0,0
"32260",1,0,0,1,1,1,1,0
"28181",0,0,0,0,1,1,1,0
"41117",0,0,0,1,0,0,0,0
"33927",0,0,0,0,0,0,0,0
"36927",0,0,0,1,0,0,0,0
"27296",0,0,0,0,0,0,0,0
"17432",1,0,0,0,0,0,0,0
"30936",0,0,0,0,0,0,0,0
"31127",0,0,0,0,0,0,0,0
"28279",0,0,0,0,0,1,0,0
"43317",0,0,0,0,0,0,0,0
"23640",1,0,0,0,0,0,0,0
"11053",0,1,0,0,1,0,0,1
"23186",0,0,0,0,0,0,0,0
"37258",1,0,1,1,1,0,1,0
"29709",0,0,0,0,0,0,0,0
"11282",1,1,0,0,0,1,0,0
"31208",0,0,1,0,0,0,0,0
"30730",1,0,0,0,0,0,0,0
"21978",0,0,0,0,0,0,0,0
"28922",0,0,0,0,0,0,0,0
"35762",0,0,0,0,0,0,0,0
"16545",0,0,1,0,0,0,0,0
"29739",0,1,1,1,1,1,1,1
"42353",1,0,0,0,1,0,0,1
"23326",0,0,0,0,0,0,0,0
"34969",0,0,0,0,0,0,0,0
"25262",0,0,0,0,0,1,0,0
"16217",0,0,0,0,0,0,0,0
"22113",0,0,0,0,0,1,1,0
"23406",0,0,0,0,0,0,0,0
"24743",0,0,0,0,0,0,0,0
"25165",0,0,0,0,0,0,0,0
"36983",0,0,0,0,0,0,0,0
"15296",1,1,0,0,0,0,1,1
"15421",0,0,0,0,0,0,0,0
"28302",0,0,0,0,1,1,0,0
"30433",0,0,0,0,0,0,0,0
"22464",0,0,0,1,1,0,0,0
"27049",0,0,0,0,0,0,0,0
"17016",0,0,0,0,0,0,0,0
"34103",0,0,0,0,0,0,0,0
"29926",0,0,0,0,0,0,0,0
"33272",0,0,0,0,1,0,0,0
"30028",0,1,0,0,0,1,0,0
"14162",0,0,0,0,0,0,0,0
"28696",0,0,0,0,0,0,0,0
"20649",0,0,0,0,0,0,0,0
"18681",0,0,0,0,0,0,0,0
"19549",0,0,1,0,0,0,0,0
"28997",0,0,0,0,0,0,0,0
"29487",0,0,1,0,0,0,0,0
"14872",0,0,0,0,0,0,0,0
"27336",1,0,0,1,0,1,0,0
"23682",0,0,0,0,0,0,0,0
"10806",0,0,0,0,0,0,0,0
"30128",0,0,1,0,0,0,0,0
"11402",0,0,0,0,0,0,0,0
"38343",0,0,0,0,0,0,0,0
"38571",0,0,0,0,0,0,0,0
"31679",0,0,0,0,0,0,0,0
"31725",0,0,0,0,0,0,0,0
"28826",0,0,0,0,0,0,0,0
"39804",0,0,0,0,0,0,0,0
"30545",0,0,0,0,0,0,0,0
"19180",0,0,0,0,0,0,0,0
"41917",0,1,0,0,0,0,0,0
"20024",0,0,0,0,0,0,0,0
"41434",0,0,0,0,0,0,0,0
"17229",0,0,0,0,0,0,0,0
"16252",0,0,0,0,0,0,0,0
"22423",0,0,1,0,0,0,0,0
"23325",0,1,1,0,0,0,0,1
"32731",0,0,0,0,0,1,0,0
"13095",1,1,0,1,0,1,0,0
"14870",0,0,0,0,0,0,0,0
"26801",1,1,1,1,1,0,0,0
"31657",0,1,0,0,0,0,0,0
"27308",0,0,0,0,0,0,0,0
"41206",0,0,0,0,0,0,0,0
"35767",1,0,1,1,0,1,1,1
"32969",0,1,1,1,0,0,0,0
"20787",0,0,0,0,0,0,0,0
"24360",0,0,0,1,1,1,1,1
"24078",0,0,0,0,0,0,0,0
"39761",0,0,0,0,0,1,0,0
"40830",0,0,0,0,0,0,0,0
"25930",0,0,0,0,0,0,0,0
"28364",0,0,0,0,0,0,0,0
"20724",0,0,0,0,0,0,0,0
"21784",0,1,0,0,0,1,0,0
"33830",0,0,0,0,0,0,0,0
"33346",1,0,0,0,0,0,0,0
"28340",0,0,0,0,0,0,0,0
"31995",0,0,0,0,0,0,0,0
"16431",0,1,0,1,1,1,1,1
"26974",0,1,0,0,1,0,0,0
"24291",0,0,0,1,0,0,0,0
"16862",0,0,0,0,0,0,0,0
"25597",0,0,0,0,0,0,0,1
"33288",0,0,0,0,1,0,0,0
"33740",0,0,1,1,0,0,0,0
"22928",0,0,0,0,0,0,0,0
"12968",0,0,0,0,0,1,0,0
"13559",0,0,0,0,0,0,0,0
"11512",0,0,1,0,0,0,0,0
"30505",0,0,0,0,0,0,0,0
"32994",0,0,0,0,0,0,0,0
"29174",0,0,0,0,0,0,0,0
"31483",0,0,0,0,0,0,0,0
"27680",0,0,0,0,0,0,0,0
"30164",0,1,0,0,0,0,0,0
"31005",0,1,0,0,0,0,0,0
"29706",0,1,0,0,0,0,0,0
"28341",0,0,0,0,0,0,0,0
"32699",0,0,0,0,0,0,0,0
"40671",1,1,1,1,0,0,0,0
"32704",0,0,1,0,0,1,0,0
"11463",0,0,0,0,0,0,0,0
"32470",1,0,0,0,0,1,0,0
"36152",1,0,1,1,0,0,0,0
"25832",0,1,0,0,0,0,0,0
"34931",0,1,1,0,0,0,0,0
"30651",1,1,1,1,0,1,1,1
"23751",0,0,0,0,0,0,0,1
"21687",1,0,0,0,0,0,0,1
"34929",0,1,1,1,1,0,0,0
"32511",0,0,0,0,0,0,0,0
"26030",0,0,0,0,0,0,0,0
"37457",0,0,0,0,0,0,0,1
"29653",0,0,0,0,1,0,0,0
"37904",0,0,0,0,0,0,0,0
"28320",0,0,0,0,0,0,0,0
"29801",1,0,1,0,0,0,1,0
"42338",0,0,0,0,0,0,0,0
"32964",0,0,0,0,0,0,0,0
"27732",0,0,0,0,0,0,0,0
"19064",0,0,0,0,0,0,0,0
"30905",0,0,1,0,0,0,0,0
"37322",0,0,0,0,0,0,0,1
"12237",0,0,0,0,0,0,0,0
"23609",0,1,0,0,0,0,0,0
"29945",0,0,0,0,0,0,0,0
"23526",0,0,0,0,0,0,0,0
"13066",1,0,1,1,1,0,1,1
"31419",0,0,0,1,0,0,0,0
"33634",0,0,0,0,0,0,0,0
"30278",0,0,0,0,0,0,0,0
"20648",0,0,0,0,0,0,0,0
"33232",0,0,0,0,0,0,0,0
"31261",0,0,0,0,0,0,0,0
"23596",0,1,0,0,0,0,0,0
"25641",0,1,0,0,0,0,0,0
"33627",0,1,1,1,1,0,0,0
"37148",0,0,1,0,0,0,0,0
"32180",1,1,1,1,1,0,0,1
"31748",1,0,1,0,1,0,0,0
"43159",1,0,0,0,0,0,1,0
"23426",0,1,0,0,0,0,0,0
"27640",1,1,1,1,1,1,1,0
"31739",0,0,0,0,0,0,0,0
"36168",0,0,0,0,0,0,0,0
"33225",0,0,0,0,0,0,0,0
"22753",0,0,0,0,0,0,0,0
"30611",0,0,0,0,0,0,0,0
"29867",0,1,1,0,0,0,0,0
"11494",0,0,0,0,0,0,0,0
"33091",0,0,0,0,0,0,0,0
"25016",0,0,0,0,0,0,0,0
"23058",0,0,0,0,0,1,0,0
"33417",0,0,0,1,0,0,0,0
"28998",1,1,0,1,1,0,1,1
"32241",1,1,1,1,1,1,0,0
"21010",0,0,0,0,0,0,0,0
"37071",0,0,0,0,0,0,0,0
"33296",0,0,0,0,0,0,0,0
"32076",0,1,1,1,1,1,0,0
"31067",0,0,0,0,0,0,0,0
"28756",0,0,0,0,0,0,0,0
"24129",0,0,0,0,0,1,0,0
"10386",0,0,0,0,0,0,0,0
"34905",0,0,0,0,0,0,0,0
"27006",0,0,0,0,0,0,0,0
"36504",0,0,0,0,0,0,0,0
"28773",0,0,0,0,0,0,0,0
"25306",0,0,0,0,0,0,0,0
"14553",0,0,1,0,0,0,0,0
"27292",0,0,0,0,0,0,0,0
"28034",0,0,0,0,0,0,0,0
"20699",0,0,0,0,0,0,0,0
"29134",0,0,1,0,0,0,0,0
"42916",1,0,1,1,1,1,1,0
"30715",0,0,0,0,0,0,0,0
"36585",0,1,1,0,0,0,0,0
"15195",0,0,0,0,0,0,0,0
"15211",0,0,0,0,0,0,0,0
"30490",0,0,0,0,0,0,0,0
"14456",0,0,0,0,0,0,0,0
"20692",1,0,0,0,0,0,0,0
"22524",0,0,0,0,0,0,0,0
"28788",0,0,0,0,0,0,0,0
"29107",0,0,0,0,0,0,1,0
"28917",0,0,0,0,0,0,0,0
"29869",0,0,0,0,0,0,0,0
"32926",0,0,0,0,1,0,0,0
"37066",0,0,0,0,0,0,0,0
"18003",0,1,0,0,0,0,0,0
"31769",0,0,0,0,0,0,0,0
"34111",0,0,0,1,0,1,0,0
"21711",0,0,0,0,0,0,0,0
"28187",0,0,0,0,0,0,0,0
"32527",0,0,0,0,0,0,0,0
"37199",0,0,0,0,0,0,0,0
"15883",0,0,1,0,1,0,1,1
"31059",0,1,1,1,0,0,0,0
"31781",0,0,0,0,0,0,0,0
"43156",0,0,0,1,1,1,0,0
"22677",0,1,0,0,0,0,0,0
"28683",0,0,1,0,1,1,0,1
"26078",0,0,0,0,1,0,0,0
"10889",0,0,0,0,0,0,0,0
"28712",0,0,0,0,0,0,0,0
"33962",0,0,1,0,0,0,1,0
"31491",0,0,0,0,0,0,0,0
"14617",0,0,0,0,0,0,1,0
"29254",0,0,0,1,0,0,0,0
"38795",0,0,0,0,1,0,0,0
"27060",1,0,0,0,0,0,0,0
"27982",0,0,0,0,0,0,0,0
"32360",1,0,0,0,0,1,1,0
"20351",0,0,0,0,0,0,0,0
"13872",0,0,0,0,0,0,0,0
"12049",0,0,0,1,0,0,0,0
"28168",0,0,0,0,0,0,0,0
"16842",0,0,0,0,0,0,0,0
"15932",1,0,0,1,0,0,1,0
"26926",0,0,0,0,0,0,0,0
"32983",0,0,0,0,1,0,0,0
"32313",0,0,0,0,0,0,0,0
"14789",0,0,0,0,0,0,1,1
"32126",0,0,0,0,0,0,0,0
"31461",0,0,0,0,1,0,0,0
"17337",0,0,0,0,0,0,0,0
"33316",0,0,0,0,0,0,0,0
"27066",0,0,0,0,0,0,0,0
"28077",0,0,0,0,0,0,0,0
"34027",0,0,0,0,0,0,0,0
"31412",0,0,1,0,0,0,0,0
"30495",0,0,0,0,0,0,0,0
"30507",1,0,0,0,0,0,0,0
"14108",0,0,1,0,0,0,0,0
"27760",0,0,0,0,0,0,0,0
"33902",0,0,0,0,1,1,1,0
"23861",0,1,0,0,0,0,0,0
"16137",0,0,0,0,0,0,0,0
"14253",0,0,0,0,0,0,0,0
"12516",0,0,0,0,0,0,0,0
"15627",0,0,0,0,0,0,0,0
"30617",0,0,1,0,0,0,0,0
"41471",1,1,0,0,0,0,0,0
"22194",0,0,0,0,0,0,0,0
"33231",0,0,0,0,0,0,0,0
"32438",0,0,0,0,0,0,0,0
"25235",0,0,1,0,0,0,0,0
"34081",0,0,0,0,0,0,0,0
"29290",1,0,0,0,0,0,0,0
"18178",0,1,0,0,0,0,0,0
"40232",0,0,0,0,0,0,0,0
"31616",0,0,0,0,0,0,0,0
"30137",0,0,0,0,0,0,0,0
"25239",1,0,0,1,0,0,0,0
"17233",0,0,0,0,0,0,0,0
"26919",0,0,0,0,0,0,0,0
"13174",0,0,0,0,0,0,0,0
"32443",1,1,1,0,0,0,0,0
"15097",0,0,0,0,0,0,0,0
"29233",0,1,0,0,0,0,0,0
"23214",0,0,0,0,1,0,0,0
"28354",1,0,1,1,1,1,1,1
"33217",0,0,0,0,0,0,0,0
"25312",0,0,0,0,1,0,0,0
"28597",0,0,0,0,0,0,0,0
"13182",0,0,0,0,0,0,0,0
"22554",0,0,1,0,0,0,1,1
"33868",0,0,0,0,0,0,0,1
"18410",0,0,0,0,0,0,0,0
"33052",0,0,0,0,0,0,0,0
"15870",0,0,0,0,0,0,0,0
"10563",0,0,0,0,0,0,0,0
"35699",0,1,0,0,0,0,0,1
"32589",0,0,0,0,0,0,0,0
"19888",0,0,0,0,0,0,0,0
"33995",1,0,1,0,0,0,0,0
"11992",0,0,0,0,0,0,1,0
"27993",0,0,0,0,0,0,0,0
"11639",0,0,0,0,0,0,0,0
"31263",0,0,0,1,0,0,1,1
"12244",0,0,0,0,0,0,0,0
"37769",0,0,0,0,0,0,0,0
"33546",0,0,0,0,0,0,0,0
"34993",1,1,0,1,0,1,1,1
"31033",0,0,0,0,0,0,0,0
"34015",0,0,1,0,1,1,0,0
"36764",0,0,0,0,0,0,0,0
"40294",0,0,1,0,0,0,0,0
"25363",0,0,0,0,0,0,0,0
"33589",1,0,0,0,1,0,0,0
"31195",0,0,0,0,0,0,0,0
"33338",0,0,0,0,0,0,0,0
"27193",0,0,0,0,0,0,0,0
"16091",0,0,0,0,1,0,0,0
"33047",1,1,1,0,0,0,0,0
"31887",0,0,0,0,0,0,0,0
"14062",0,0,0,0,0,0,0,0
"29999",0,1,0,1,0,0,0,0
"28365",0,0,0,0,0,0,0,0
"35003",0,0,0,0,0,0,0,0
"25167",0,0,1,1,1,1,1,1
"33559",0,1,0,0,0,0,0,0
"37263",0,0,1,0,0,1,1,1
"22148",0,0,0,0,0,0,0,0
"32531",0,0,0,0,0,0,0,0
"22606",1,0,0,0,0,0,0,0
"31084",1,0,0,0,0,0,1,0
"32487",0,0,1,1,1,0,0,0
"40181",1,0,0,0,0,0,0,0
"28162",0,0,0,0,0,0,0,0
"28158",0,0,1,0,0,0,0,0
"41248",0,0,0,0,0,0,0,0
"33831",1,1,1,0,0,0,0,0
"40833",1,1,0,1,1,0,0,0
"31464",0,0,0,0,0,0,0,0
"29708",0,0,0,0,0,0,0,0
"32295",1,0,0,0,1,0,0,0
"21862",0,0,0,0,0,0,0,0
"18522",0,0,0,0,0,0,0,0
"32129",0,0,0,0,0,0,0,0
"30961",0,0,1,1,1,1,1,1
"33997",0,0,0,0,0,0,0,0
"30777",0,0,0,0,0,0,0,0
"30976",0,0,0,0,0,0,0,0
"29389",0,0,0,0,0,0,0,0
"33137",1,0,0,0,1,0,0,0
"18090",0,0,0,0,0,0,0,0
"31239",0,0,0,0,1,0,0,0
"20468",0,0,0,0,1,1,0,0
"30143",0,0,0,0,0,0,0,0
"17443",0,0,0,0,0,0,0,0
"31687",0,0,0,0,0,0,0,0
"42793",0,0,1,0,1,0,0,0
"24238",1,1,1,0,0,0,0,0
"13681",0,0,0,0,0,0,0,0
"28183",0,0,1,0,0,0,1,0
"21814",1,0,0,0,0,0,0,0
"40813",0,0,0,0,0,0,0,0
"32234",0,0,0,0,1,0,0,0
"30966",1,1,0,1,0,0,0,0
"12441",0,0,1,1,0,0,1,0
"33282",0,0,0,0,0,0,0,0
"26120",0,0,0,0,0,0,0,0
"31729",0,0,1,0,1,1,1,1
"31022",0,0,0,0,0,0,0,0
"30155",1,0,0,1,0,0,0,0
"19984",0,0,0,0,0,0,0,0
"29006",1,0,1,0,1,1,1,0
"18831",0,0,0,0,0,0,0,0
"20320",0,0,0,0,0,0,0,0
"32210",0,0,0,0,1,0,0,0
"18985",0,0,0,0,0,0,0,0
"26525",1,0,0,0,0,0,0,0
"28699",0,0,0,0,0,0,0,0
"20859",0,1,1,1,0,0,1,0
"31806",0,0,0,0,0,0,0,0
"27511",0,0,0,0,0,0,0,0
"23057",0,0,0,0,0,0,0,0
"19837",0,0,0,0,0,0,0,0
"33765",0,0,0,0,0,0,0,0
"35997",0,0,0,0,0,0,0,0
"26750",0,0,0,0,0,0,0,0
"31698",0,0,0,0,0,0,0,0
"32048",0,0,0,0,0,0,0,0
"33722",0,0,0,0,1,0,0,0
"32878",0,0,1,0,0,0,0,0
"30729",0,0,0,0,0,0,0,0
"37461",1,1,1,1,1,1,1,0
"43176",0,1,0,0,0,0,0,0
"30907",1,1,1,0,1,1,1,0
"29829",0,0,0,0,0,0,0,0
"30156",0,0,0,0,0,0,0,0
"32606",0,0,0,0,0,0,0,0
"38010",0,0,0,0,0,0,0,0
"22918",0,0,0,0,0,0,0,0
"30579",0,0,0,0,0,0,0,0
"31318",0,0,0,0,0,0,0,0
"29467",1,1,1,0,1,0,0,0
"23098",0,0,1,0,0,0,0,0
"38314",0,0,0,0,0,0,0,0
"15080",1,1,1,1,1,1,1,0
"23348",0,0,0,0,0,0,0,0
"33061",0,0,0,0,0,0,0,0
